module,method,uri,name,action
Accounting/Finance,GET|HEAD,admin/accounting/reports/balance-sheet,accounting.reports.balance-sheet,"App\Http\Controllers\Accounting\AccountingReportController@balanceSheet"
Accounting/Finance,GET|HEAD,admin/accounting/reports/balance-sheet/pdf,accounting.reports.balance-sheet.pdf,"App\Http\Controllers\Accounting\AccountingReportController@balanceSheetPdf"
Accounting/Finance,GET|HEAD,admin/accounting/reports/balance-sheet/print,accounting.reports.balance-sheet.print,"App\Http\Controllers\Accounting\AccountingReportController@balanceSheetPrint"
Accounting/Finance,GET|HEAD,admin/accounting/reports/bank-book,accounting.reports.bank-book,"App\Http\Controllers\Accounting\AccountingReportController@bankBook"
Accounting/Finance,GET|HEAD,admin/accounting/reports/bank-book/pdf,accounting.reports.bank-book.pdf,"App\Http\Controllers\Accounting\AccountingReportController@bankBookPdf"
Accounting/Finance,GET|HEAD,admin/accounting/reports/bank-book/print,accounting.reports.bank-book.print,"App\Http\Controllers\Accounting\AccountingReportController@bankBookPrint"
Accounting/Finance,GET|HEAD,admin/accounting/reports/cash-book,accounting.reports.cash-book,"App\Http\Controllers\Accounting\AccountingReportController@cashBook"
Accounting/Finance,GET|HEAD,admin/accounting/reports/cash-book/pdf,accounting.reports.cash-book.pdf,"App\Http\Controllers\Accounting\AccountingReportController@cashBookPdf"
Accounting/Finance,GET|HEAD,admin/accounting/reports/cash-book/print,accounting.reports.cash-book.print,"App\Http\Controllers\Accounting\AccountingReportController@cashBookPrint"
Accounting/Finance,GET|HEAD,admin/accounting/reports/day-book,accounting.reports.day-book,"App\Http\Controllers\Accounting\AccountingReportController@dayBook"
Accounting/Finance,GET|HEAD,admin/accounting/reports/day-book/pdf,accounting.reports.day-book.pdf,"App\Http\Controllers\Accounting\AccountingReportController@dayBookPdf"
Accounting/Finance,GET|HEAD,admin/accounting/reports/day-book/print,accounting.reports.day-book.print,"App\Http\Controllers\Accounting\AccountingReportController@dayBookPrint"
Accounting/Finance,GET|HEAD,admin/accounting/reports/financial-statements,accounting.reports.financial-statements,"App\Http\Controllers\Accounting\AccountingReportController@financialStatements"
Accounting/Finance,GET|HEAD,admin/accounting/reports/financial-statements/pdf,accounting.reports.financial-statements.pdf,"App\Http\Controllers\Accounting\AccountingReportController@financialStatementsPdf"
Accounting/Finance,GET|HEAD,admin/accounting/reports/financial-statements/print,accounting.reports.financial-statements.print,"App\Http\Controllers\Accounting\AccountingReportController@financialStatementsPrint"
Accounting/Finance,GET|HEAD,admin/accounting/reports/hub,accounting.reports.hub,"App\Http\Controllers\Accounting\AccountingReportController@hub"
Accounting/Finance,GET|HEAD,admin/accounting/reports/management-pack,accounting.reports.management-pack,"App\Http\Controllers\Accounting\AccountingReportController@managementPack"
Accounting/Finance,GET|HEAD,admin/accounting/reports/payables-aging,accounting.reports.payables-aging,"App\Http\Controllers\Accounting\AccountingReportController@payablesAging"
Accounting/Finance,GET|HEAD,admin/accounting/reports/payables-aging/pdf,accounting.reports.payables-aging.pdf,"App\Http\Controllers\Accounting\AccountingReportController@payablesAgingPdf"
Accounting/Finance,GET|HEAD,admin/accounting/reports/payables-aging/print,accounting.reports.payables-aging.print,"App\Http\Controllers\Accounting\AccountingReportController@payablesAgingPrint"
Accounting/Finance,GET|HEAD,admin/accounting/reports/profit-loss,accounting.reports.profit-loss,"App\Http\Controllers\Accounting\AccountingReportController@profitLoss"
Accounting/Finance,GET|HEAD,admin/accounting/reports/profit-loss/pdf,accounting.reports.profit-loss.pdf,"App\Http\Controllers\Accounting\AccountingReportController@profitLossPdf"
Accounting/Finance,GET|HEAD,admin/accounting/reports/profit-loss/print,accounting.reports.profit-loss.print,"App\Http\Controllers\Accounting\AccountingReportController@profitLossPrint"
Accounting/Finance,GET|HEAD,admin/accounting/reports/receivables-aging,accounting.reports.receivables-aging,"App\Http\Controllers\Accounting\AccountingReportController@receivablesAging"
Accounting/Finance,GET|HEAD,admin/accounting/reports/receivables-aging/pdf,accounting.reports.receivables-aging.pdf,"App\Http\Controllers\Accounting\AccountingReportController@receivablesAgingPdf"
Accounting/Finance,GET|HEAD,admin/accounting/reports/receivables-aging/print,accounting.reports.receivables-aging.print,"App\Http\Controllers\Accounting\AccountingReportController@receivablesAgingPrint"
Accounting/Finance,GET|HEAD,admin/accounting/reports/receivables-by-source,accounting.reports.receivables-by-source,"App\Http\Controllers\Accounting\AccountingReportController@receivablesAgingBySource"
Accounting/Finance,GET|HEAD,admin/accounting/reports/receivables-by-source/pdf,accounting.reports.receivables-by-source.pdf,"App\Http\Controllers\Accounting\AccountingReportController@receivablesBySourcePdf"
Accounting/Finance,GET|HEAD,admin/accounting/reports/receivables-by-source/print,accounting.reports.receivables-by-source.print,"App\Http\Controllers\Accounting\AccountingReportController@receivablesBySourcePrint"
Accounting/Finance,GET|HEAD,admin/accounting/reports/trial-balance,accounting.reports.trial-balance,"App\Http\Controllers\Accounting\AccountingReportController@trialBalance"
Accounting/Finance,GET|HEAD,admin/accounting/reports/trial-balance/pdf,accounting.reports.trial-balance.pdf,"App\Http\Controllers\Accounting\AccountingReportController@trialBalancePdf"
Accounting/Finance,GET|HEAD,admin/accounting/reports/trial-balance/print,accounting.reports.trial-balance.print,"App\Http\Controllers\Accounting\AccountingReportController@trialBalancePrint"
Operations,GET|HEAD,admin/employees/attendances/monthly/report,employees.attendances.monthly.report,"App\Http\Controllers\AttendanceController@monthlyReportPage"
Operations,GET|HEAD,admin/employees/attendances/monthly/report/print,employees.attendances.monthly.report.print,"App\Http\Controllers\AttendanceController@monthlyReportPrint"
Operations,GET|HEAD,admin/employees/attendances/report,employees.attendances.report,"App\Http\Controllers\AttendanceController@reportPage"
Operations,GET|HEAD,admin/employees/attendances/report/print,employees.attendances.report.print,"App\Http\Controllers\AttendanceController@attendanceReportPrint"
Operations,GET|HEAD,admin/employees/leaves/report,employees.leaves.application.report,"App\Http\Controllers\LeaveApplicationController@leaveReportPage"
Operations,GET|HEAD,admin/employees/leaves/report/print,employees.leaves.application.report.print,"App\Http\Controllers\LeaveApplicationController@leaveReportPrint"
Operations,GET|HEAD,admin/employees/payroll/reports,employees.payroll.reports,"App\Http\Controllers\PayrollController@reports"
Operations,GET|HEAD,admin/employees/payroll/reports/detailed/{periodId?},employees.payroll.reports.detailed,"App\Http\Controllers\PayrollController@detailedReport"
Operations,GET|HEAD,admin/employees/payroll/reports/detailed/{periodId}/print,employees.payroll.reports.detailed.print,"App\Http\Controllers\PayrollController@detailedReportPrint"
Operations,GET|HEAD,admin/employees/payroll/reports/summary/{periodId?},employees.payroll.reports.summary,"App\Http\Controllers\PayrollController@summaryReport"
Operations,GET|HEAD,admin/employees/payroll/reports/summary/{periodId}/print,employees.payroll.reports.summary.print,"App\Http\Controllers\PayrollController@summaryReportPrint"
Operations,GET|HEAD,admin/employees/reports,employees.reports,"App\Http\Controllers\EmployeeReportController@index"
Operations,GET|HEAD,admin/employees/reports/advances,employees.reports.advances,"App\Http\Controllers\EmployeeReportController@advances"
Operations,GET|HEAD,admin/employees/reports/advances/print,employees.reports.advances.print,"App\Http\Controllers\EmployeeReportController@advancesPrint"
Operations,GET|HEAD,admin/employees/reports/api/advances,employees.reports.api.advances,"App\Http\Controllers\EmployeeReportApiController@advances"
Operations,GET|HEAD,admin/employees/reports/api/advances/export,employees.reports.api.advances.export,"App\Http\Controllers\EmployeeReportApiController@exportAdvancesExcel"
Operations,GET|HEAD,admin/employees/reports/api/bank-transfer,employees.reports.api.bank-transfer,"App\Http\Controllers\EmployeeReportApiController@bankTransfer"
Operations,GET|HEAD,admin/employees/reports/api/bank-transfer/export,employees.reports.api.bank-transfer.export,"App\Http\Controllers\EmployeeReportApiController@exportBankTransferExcel"
Operations,GET|HEAD,admin/employees/reports/api/deductions,employees.reports.api.deductions,"App\Http\Controllers\EmployeeReportApiController@deductions"
Operations,GET|HEAD,admin/employees/reports/api/deductions/export,employees.reports.api.deductions.export,"App\Http\Controllers\EmployeeReportApiController@exportDeductionsExcel"
Operations,GET|HEAD,admin/employees/reports/api/employee-details,employees.reports.api.employee-details,"App\Http\Controllers\EmployeeReportApiController@employeeDetails"
Operations,GET|HEAD,admin/employees/reports/api/employee-details/export,employees.reports.api.employee-details.export,"App\Http\Controllers\EmployeeReportApiController@exportEmployeeDetailsExcel"
Operations,GET|HEAD,admin/employees/reports/api/increments,employees.reports.api.increments,"App\Http\Controllers\EmployeeReportApiController@increments"
Operations,GET|HEAD,admin/employees/reports/api/increments/export,employees.reports.api.increments.export,"App\Http\Controllers\EmployeeReportApiController@exportIncrementsExcel"
Operations,GET|HEAD,admin/employees/reports/api/loans,employees.reports.api.loans,"App\Http\Controllers\EmployeeReportApiController@loans"
Operations,GET|HEAD,admin/employees/reports/api/loans/export,employees.reports.api.loans.export,"App\Http\Controllers\EmployeeReportApiController@exportLoansExcel"
Operations,GET|HEAD,admin/employees/reports/api/new-hiring,employees.reports.api.new-hiring,"App\Http\Controllers\EmployeeReportApiController@newHiring"
Operations,GET|HEAD,admin/employees/reports/api/new-hiring/export,employees.reports.api.new-hiring.export,"App\Http\Controllers\EmployeeReportApiController@exportNewHiringExcel"
Operations,GET|HEAD,admin/employees/reports/api/salary-sheet,employees.reports.api.salary-sheet,"App\Http\Controllers\EmployeeReportApiController@salarySheet"
Operations,GET|HEAD,admin/employees/reports/api/salary-sheet/export,employees.reports.api.salary-sheet.export,"App\Http\Controllers\EmployeeReportApiController@exportSalarySheetExcel"
Operations,GET|HEAD,admin/employees/reports/bank-transfer,employees.reports.bank-transfer,"App\Http\Controllers\EmployeeReportController@bankTransfer"
Operations,GET|HEAD,admin/employees/reports/bank-transfer/print,employees.reports.bank-transfer.print,"App\Http\Controllers\EmployeeReportController@bankTransferPrint"
Operations,GET|HEAD,admin/employees/reports/deductions,employees.reports.deductions,"App\Http\Controllers\EmployeeReportController@deductions"
Operations,GET|HEAD,admin/employees/reports/deductions/print,employees.reports.deductions.print,"App\Http\Controllers\EmployeeReportController@deductionsPrint"
Operations,GET|HEAD,admin/employees/reports/employee-details,employees.reports.employee-details,"App\Http\Controllers\EmployeeReportController@employeeDetails"
Operations,GET|HEAD,admin/employees/reports/employee-details/print,employees.reports.employee-details.print,"App\Http\Controllers\EmployeeReportController@employeeDetailsPrint"
Operations,GET|HEAD,admin/employees/reports/increments,employees.reports.increments,"App\Http\Controllers\EmployeeReportController@increments"
Operations,GET|HEAD,admin/employees/reports/increments/print,employees.reports.increments.print,"App\Http\Controllers\EmployeeReportController@incrementsPrint"
Operations,GET|HEAD,admin/employees/reports/loans,employees.reports.loans,"App\Http\Controllers\EmployeeReportController@loans"
Operations,GET|HEAD,admin/employees/reports/loans/print,employees.reports.loans.print,"App\Http\Controllers\EmployeeReportController@loansPrint"
Operations,GET|HEAD,admin/employees/reports/new-hiring,employees.reports.new-hiring,"App\Http\Controllers\EmployeeReportController@newHiring"
Operations,GET|HEAD,admin/employees/reports/new-hiring/print,employees.reports.new-hiring.print,"App\Http\Controllers\EmployeeReportController@newHiringPrint"
Operations,GET|HEAD,admin/employees/reports/salary-sheet,employees.reports.salary-sheet,"App\Http\Controllers\EmployeeReportController@salarySheet"
Operations,GET|HEAD,admin/employees/reports/salary-sheet/print,employees.reports.salary-sheet.print,"App\Http\Controllers\EmployeeReportController@salarySheetPrint"
Inventory/Store,GET|HEAD,admin/inventory/audits,inventory.audits.index,"App\Http\Controllers\Inventory\StockAuditController@index"
Inventory/Store,POST,admin/inventory/audits,inventory.audits.store,"App\Http\Controllers\Inventory\StockAuditController@store"
Inventory/Store,GET|HEAD,admin/inventory/audits/create,inventory.audits.create,"App\Http\Controllers\Inventory\StockAuditController@create"
Inventory/Store,POST,admin/inventory/audits/{stockAudit}/approve,inventory.audits.approve,"App\Http\Controllers\Inventory\StockAuditController@approve"
Inventory/Store,POST,admin/inventory/audits/{stockAudit}/submit,inventory.audits.submit,"App\Http\Controllers\Inventory\StockAuditController@submit"
Inventory/Store,GET|HEAD,admin/inventory/documents,inventory.documents.index,"App\Http\Controllers\Inventory\WarehouseController@documents"
Inventory/Store,GET|HEAD,admin/inventory/operations,inventory.operations.index,"App\Http\Controllers\Inventory\InventoryOperationController@index"
Inventory/Store,POST,admin/inventory/operations/adjustments,inventory.operations.adjustments.store,"App\Http\Controllers\Inventory\InventoryOperationController@storeAdjustment"
Inventory/Store,POST,admin/inventory/operations/issues,inventory.operations.issues.store,"App\Http\Controllers\Inventory\InventoryOperationController@storeIssue"
Inventory/Store,POST,admin/inventory/operations/opening-balances,inventory.operations.opening-balances.store,"App\Http\Controllers\Inventory\InventoryOperationController@storeOpeningBalance"
Inventory/Store,POST,admin/inventory/operations/transfers,inventory.operations.transfers.store,"App\Http\Controllers\Inventory\InventoryOperationController@storeTransfer"
Inventory/Store,GET|HEAD,admin/inventory/valuation,inventory.valuation.index,"App\Http\Controllers\Inventory\WarehouseController@valuation"
Operations,GET|HEAD,admin/membership/add/guest,membership.addguest,Closure
Operations,GET|HEAD,admin/membership/all,membership.members,"App\Http\Controllers\MembershipController@allMembers"
Operations,GET|HEAD,admin/membership/api/applied-members/search,api.applied-members.search,"App\Http\Controllers\AppliedMemberController@search"
Operations,GET|HEAD,admin/membership/applied-member,applied-member.index,"App\Http\Controllers\AppliedMemberController@index"
Operations,POST,admin/membership/applied-member,applied-member.store,"App\Http\Controllers\AppliedMemberController@store"
Operations,POST,admin/membership/applied-member/restore/{id},applied-member.restore,"App\Http\Controllers\AppliedMemberController@restore"
Operations,GET|HEAD,admin/membership/applied-member/trashed,applied-member.trashed,"App\Http\Controllers\AppliedMemberController@trashed"
Operations,PUT,admin/membership/applied-member/{id},applied-member.update,"App\Http\Controllers\AppliedMemberController@update"
Operations,DELETE,admin/membership/applied-member/{id},applied-member.destroy,"App\Http\Controllers\AppliedMemberController@destroy"
Operations,GET|HEAD,admin/membership/cards,cards.dashboard,"App\Http\Controllers\CardController@index"
Operations,GET|HEAD,admin/membership/corporate-companies,corporate-companies.index,"App\Http\Controllers\CorporateCompanyController@index"
Operations,POST,admin/membership/corporate-companies,corporate-companies.store,"App\Http\Controllers\CorporateCompanyController@store"
Operations,GET|HEAD,admin/membership/corporate-companies/create,corporate-companies.create,"App\Http\Controllers\CorporateCompanyController@create"
Operations,POST,admin/membership/corporate-companies/restore/{id},corporate-companies.restore,"App\Http\Controllers\CorporateCompanyController@restore"
Operations,GET|HEAD,admin/membership/corporate-companies/trashed,corporate-companies.trashed,"App\Http\Controllers\CorporateCompanyController@trashed"
Operations,PUT|PATCH,admin/membership/corporate-companies/{corporate_company},corporate-companies.update,"App\Http\Controllers\CorporateCompanyController@update"
Operations,DELETE,admin/membership/corporate-companies/{corporate_company},corporate-companies.destroy,"App\Http\Controllers\CorporateCompanyController@destroy"
Operations,GET|HEAD,admin/membership/corporate-companies/{corporate_company}/edit,corporate-companies.edit,"App\Http\Controllers\CorporateCompanyController@edit"
Operations,GET|HEAD,admin/membership/create,membership.add,"App\Http\Controllers\MembershipController@create"
Operations,GET|HEAD,admin/membership/dashboard,membership.dashboard,"App\Http\Controllers\MembershipController@index"
Operations,GET|HEAD,admin/membership/edit/{id},membership.edit,"App\Http\Controllers\MembershipController@edit"
Operations,GET|HEAD,admin/membership/family-members-archive,membership.family-members,"App\Http\Controllers\FamilyMembersArchiveConroller@index"
Operations,POST,admin/membership/family-members-archive/bulk-expire,membership.family-expiry.bulk-expire,"App\Http\Controllers\FamilyMembersArchiveConroller@bulkExpire"
Operations,GET|HEAD,admin/membership/family-members-archive/member/{member}/extend,membership.family-expiry.show,"App\Http\Controllers\FamilyMembersArchiveConroller@show"
Operations,POST,admin/membership/family-members-archive/member/{member}/extend,membership.family-expiry.extend,"App\Http\Controllers\FamilyMembersArchiveConroller@extendExpiry"
Operations,POST,admin/membership/family-members-archive/restore/{id},membership.family-members.restore,"App\Http\Controllers\FamilyMembersArchiveConroller@restore"
Operations,GET|HEAD,admin/membership/family-members-archive/search,membership.family-members.search,"App\Http\Controllers\FamilyMembersArchiveConroller@search"
Operations,GET|HEAD,admin/membership/family-members-archive/trashed,membership.family-members.trashed,"App\Http\Controllers\FamilyMembersArchiveConroller@trashed"
Operations,GET|HEAD,admin/membership/finance,membership.finance,Closure
Operations,GET|HEAD,admin/membership/full/detail,membership.detail2,Closure
Operations,GET|HEAD,admin/membership/guest/history,membership.guest,Closure
Operations,GET|HEAD,admin/membership/maintanance-fee-revenue,membership.maintanance-fee-revenue,"App\Http\Controllers\MemberFeeRevenueController@maintenanceFeeRevenue"
Operations,GET|HEAD,admin/membership/maintanance-fee-revenue/data,membership.maintanance-fee-revenue.data,"App\Http\Controllers\MemberFeeRevenueController@maintenanceFeeRevenueData"
Operations,GET|HEAD,admin/membership/maintanance-fee-revenue/print,membership.maintanance-fee-revenue.print,"App\Http\Controllers\MemberFeeRevenueController@maintenanceFeeRevenuePrint"
Operations,GET|HEAD,admin/membership/member-card-detail-report,membership.member-card-detail-report,"App\Http\Controllers\MemberFeeRevenueController@memberCardDetailReport"
Operations,GET|HEAD,admin/membership/member-card-detail-report/data,membership.member-card-detail-report.data,"App\Http\Controllers\MemberFeeRevenueController@memberCardDetailReportData"
Operations,GET|HEAD,admin/membership/member-card-detail-report/print,membership.member-card-detail-report.print,"App\Http\Controllers\MemberFeeRevenueController@memberCardDetailReportPrint"
Operations,GET|HEAD,admin/membership/member-categories,member-categories.index,"App\Http\Controllers\MemberCategoryController@index"
Operations,POST,admin/membership/member-categories,member-categories.store,"App\Http\Controllers\MemberCategoryController@store"
Operations,GET|HEAD,admin/membership/member-categories/create,member-categories.create,"App\Http\Controllers\MemberCategoryController@create"
Operations,POST,admin/membership/member-categories/restore/{id},member-categories.restore,"App\Http\Controllers\MemberCategoryController@restore"
Operations,GET|HEAD,admin/membership/member-categories/trashed,member-categories.trashed,"App\Http\Controllers\MemberCategoryController@trashed"
Operations,PUT|PATCH,admin/membership/member-categories/{member_category},member-categories.update,"App\Http\Controllers\MemberCategoryController@update"
Operations,DELETE,admin/membership/member-categories/{member_category},member-categories.destroy,"App\Http\Controllers\MemberCategoryController@destroy"
Operations,GET|HEAD,admin/membership/member-categories/{member_category}/edit,member-categories.edit,"App\Http\Controllers\MemberCategoryController@edit"
Operations,GET|HEAD,admin/membership/member-types,member-types.index,"App\Http\Controllers\App\MemberTypeController@index"
Operations,POST,admin/membership/member-types/restore/{id},member-types.restore,"App\Http\Controllers\App\MemberTypeController@restore"
Operations,POST,admin/membership/member-types/store,member-types.store,"App\Http\Controllers\App\MemberTypeController@store"
Operations,GET|HEAD,admin/membership/member-types/trashed,member-types.trashed,"App\Http\Controllers\App\MemberTypeController@trashed"
Operations,DELETE,admin/membership/member-types/{id}/delete,member-types.destroy,"App\Http\Controllers\App\MemberTypeController@destroy"
Operations,POST,admin/membership/member-types/{id}/update2,member-types.update2,"App\Http\Controllers\App\MemberTypeController@update"
Operations,GET|HEAD,admin/membership/monthly-maintenance-fee-report,membership.monthly-maintenance-fee-report,"App\Http\Controllers\MemberFeeRevenueController@monthlyMaintenanceFeeReport"
Operations,GET|HEAD,admin/membership/monthly-maintenance-fee-report/print,membership.monthly-maintenance-fee-report.print,"App\Http\Controllers\MemberFeeRevenueController@monthlyMaintenanceFeeReportPrint"
Operations,GET|HEAD,admin/membership/new-year-eve-report,membership.new-year-eve-report,"App\Http\Controllers\MemberFeeRevenueController@newYearEveReport"
Operations,GET|HEAD,admin/membership/new-year-eve-report/data,membership.new-year-eve-report.data,"App\Http\Controllers\MemberFeeRevenueController@newYearEveReportData"
Operations,GET|HEAD,admin/membership/new-year-eve-report/print,membership.new-year-eve-report.print,"App\Http\Controllers\MemberFeeRevenueController@newYearEveReportPrint"
Operations,GET|HEAD,admin/membership/partners-affiliates,admin.membership.partners-affiliates.index,"App\Http\Controllers\Admin\PartnerAffiliateController@index"
Operations,POST,admin/membership/partners-affiliates,admin.membership.partners-affiliates.store,"App\Http\Controllers\Admin\PartnerAffiliateController@store"
Operations,GET|HEAD,admin/membership/partners-affiliates/create,admin.membership.partners-affiliates.create,"App\Http\Controllers\Admin\PartnerAffiliateController@create"
Operations,POST,admin/membership/partners-affiliates/restore/{id},admin.membership.partners-affiliates.restore,"App\Http\Controllers\Admin\PartnerAffiliateController@restore"
Operations,GET|HEAD,admin/membership/partners-affiliates/search,admin.membership.partners-affiliates.search,"App\Http\Controllers\Admin\PartnerAffiliateController@search"
Operations,GET|HEAD,admin/membership/partners-affiliates/trashed,admin.membership.partners-affiliates.trashed,"App\Http\Controllers\Admin\PartnerAffiliateController@trashed"
Operations,GET|HEAD,admin/membership/partners-affiliates/{partners_affiliate},admin.membership.partners-affiliates.show,"App\Http\Controllers\Admin\PartnerAffiliateController@show"
Operations,PUT|PATCH,admin/membership/partners-affiliates/{partners_affiliate},admin.membership.partners-affiliates.update,"App\Http\Controllers\Admin\PartnerAffiliateController@update"
Operations,DELETE,admin/membership/partners-affiliates/{partners_affiliate},admin.membership.partners-affiliates.destroy,"App\Http\Controllers\Admin\PartnerAffiliateController@destroy"
Operations,GET|HEAD,admin/membership/partners-affiliates/{partners_affiliate}/edit,admin.membership.partners-affiliates.edit,"App\Http\Controllers\Admin\PartnerAffiliateController@edit"
Operations,GET|HEAD,admin/membership/payment-order-data/{invoiceId},member.orderhistory.invoice,"App\Http\Controllers\TransactionController@PaymentOrderData"
Operations,GET|HEAD,admin/membership/payments,membership.allpayment,"App\Http\Controllers\PaymentController@index"
Operations,POST,admin/membership/payments/store,membership.payment.store,"App\Http\Controllers\PaymentController@store"
Operations,GET|HEAD,admin/membership/pending-maintenance-quarters-report,membership.pending-maintenance-quarters-report,"App\Http\Controllers\MemberFeeRevenueController@pendingMaintenanceQuartersReport"
Operations,GET|HEAD,admin/membership/pending-maintenance-quarters-report/print,membership.pending-maintenance-quarters-report.print,"App\Http\Controllers\MemberFeeRevenueController@pendingMaintenanceQuartersReportPrint"
Operations,GET|HEAD,admin/membership/pending-maintenance-report,membership.pending-maintenance-report,"App\Http\Controllers\MemberFeeRevenueController@pendingMaintenanceReport"
Operations,GET|HEAD,admin/membership/pending-maintenance-report/bulk-print,membership.pending-maintenance-report.bulk-print,"App\Http\Controllers\MemberFeeRevenueController@pendingMaintenanceBulkPrint"
Operations,POST,admin/membership/pending-maintenance-report/bulk-status,membership.pending-maintenance-report.bulk-status,"App\Http\Controllers\MemberFeeRevenueController@pendingMaintenanceBulkStatusChange"
Operations,GET|HEAD,admin/membership/pending-maintenance-report/data,membership.pending-maintenance-report.data,"App\Http\Controllers\MemberFeeRevenueController@pendingMaintenanceReportData"
Operations,GET|HEAD,admin/membership/pending-maintenance-report/export,membership.pending-maintenance-report.export,"App\Http\Controllers\MemberFeeRevenueController@pendingMaintenanceReportExport"
Operations,POST,admin/membership/pending-maintenance-report/invoice,membership.pending-maintenance-report.invoice,"App\Http\Controllers\MemberFeeRevenueController@pendingMaintenanceReportInvoice"
Operations,GET|HEAD,admin/membership/pending-maintenance-report/print,membership.pending-maintenance-report.print,"App\Http\Controllers\MemberFeeRevenueController@pendingMaintenanceReportPrint"
Operations,POST,admin/membership/profession-info,membership.profession-info,"App\Http\Controllers\MembershipController@saveProfessionInfo"
Operations,GET|HEAD,admin/membership/profession-info/{id},membership.profession-info.get,"App\Http\Controllers\MembershipController@getProfessionInfo"
Operations,GET|HEAD,admin/membership/profile/{id},membership.profile,"App\Http\Controllers\MembershipController@showMemberProfile"
Operations,GET|HEAD,admin/membership/profile/{id}/all-family-members,membership.members.all-family-members,"App\Http\Controllers\MembershipController@getAllFamilyMembers"
Operations,GET|HEAD,admin/membership/profile/{id}/family-members,membership.profile.family-members,"App\Http\Controllers\MembershipController@getMemberFamilyMembers"
Operations,GET|HEAD,admin/membership/profile/{id}/order-history,membership.profile.order-history,"App\Http\Controllers\MembershipController@getMemberOrderHistory"
Operations,GET|HEAD,admin/membership/reinstating-fee-report,membership.reinstating-fee-report,"App\Http\Controllers\MemberFeeRevenueController@reinstatingFeeReport"
Operations,GET|HEAD,admin/membership/reinstating-fee-report/print,membership.reinstating-fee-report.print,"App\Http\Controllers\MemberFeeRevenueController@reinstatingFeeReportPrint"
Operations,GET|HEAD,admin/membership/reports,membership.reports,"App\Http\Controllers\MemberFeeRevenueController@reportsIndex"
Operations,POST,admin/membership/restore/{id},membership.restore,"App\Http\Controllers\MembershipController@restore"
Operations,GET|HEAD,admin/membership/sleeping-members-report,membership.sleeping-members-report,"App\Http\Controllers\MemberFeeRevenueController@sleepingMembersReport"
Operations,GET|HEAD,admin/membership/sleeping-members-report/print,membership.sleeping-members-report.print,"App\Http\Controllers\MemberFeeRevenueController@sleepingMembersReportPrint"
Operations,GET|HEAD,admin/membership/sports-subscriptions-report,membership.sports-subscriptions-report,"App\Http\Controllers\MemberFeeRevenueController@sportsSubscriptionsReport"
Operations,GET|HEAD,admin/membership/sports-subscriptions-report/print,membership.sports-subscriptions-report.print,"App\Http\Controllers\MemberFeeRevenueController@sportsSubscriptionsReportPrint"
Operations,POST,admin/membership/store,membership.store,"App\Http\Controllers\MembershipController@store"
Operations,POST,admin/membership/store-step-4,membership.store-step-4,"App\Http\Controllers\MembershipController@storeStep4"
Operations,GET|HEAD,admin/membership/subscriptions-maintenance-summary,membership.subscriptions-maintenance-summary,"App\Http\Controllers\MemberFeeRevenueController@subscriptionsMaintenanceSummary"
Operations,GET|HEAD,admin/membership/subscriptions-maintenance-summary/print,membership.subscriptions-maintenance-summary.print,"App\Http\Controllers\MemberFeeRevenueController@subscriptionsMaintenanceSummaryPrint"
Operations,GET|HEAD,admin/membership/supplementary-card-report,membership.supplementary-card-report,"App\Http\Controllers\MemberFeeRevenueController@supplementaryCardReport"
Operations,GET|HEAD,admin/membership/supplementary-card-report/data,membership.supplementary-card-report.data,"App\Http\Controllers\MemberFeeRevenueController@supplementaryCardReportData"
Operations,GET|HEAD,admin/membership/supplementary-card-report/print,membership.supplementary-card-report.print,"App\Http\Controllers\MemberFeeRevenueController@supplementaryCardReportPrint"
Operations,GET|HEAD,admin/membership/transactions/bulk-migration,membership.transactions.bulk-migration,"App\Http\Controllers\MemberTransactionController@bulkMigration"
Operations,POST,admin/membership/transactions/bulk-store,membership.transactions.bulk-store,"App\Http\Controllers\MemberTransactionController@bulkStore"
Operations,GET|HEAD,admin/membership/transactions/dashboard,membership.transactions.dashboard,"App\Http\Controllers\MemberTransactionController@index"
Operations,GET|HEAD,admin/membership/transactions/manage,membership.transactions.index,"App\Http\Controllers\MemberTransactionController@getAllTransactions"
Operations,GET|HEAD,admin/membership/transactions/member/{memberId},membership.transactions.member,"App\Http\Controllers\MemberTransactionController@getMemberTransactions"
Operations,GET|HEAD,admin/membership/transactions/search,membership.transactions.search,"App\Http\Controllers\MemberTransactionController@searchMembers"
Operations,GET|HEAD,admin/membership/transactions/show/{id},membership.transactions.show,"App\Http\Controllers\MemberTransactionController@show"
Operations,GET|HEAD,admin/membership/trashed,membership.trashed,"App\Http\Controllers\MembershipController@trashed"
Operations,POST,admin/membership/update-status,membership.update-status,"App\Http\Controllers\MembershipController@updateStatus"
Operations,POST,admin/membership/update/{id},membership.update,"App\Http\Controllers\MembershipController@updateMember"
Operations,GET|HEAD,admin/membership/visit/detail,membership.detail,Closure
Operations,DELETE,admin/membership/{id},membership.destroy,"App\Http\Controllers\MembershipController@destroy"
Procurement/Purchase,GET|HEAD,admin/procurement/approval-actions,procurement.approval-actions.index,"App\Http\Controllers\Procurement\ApprovalActionController@index"
Procurement/Purchase,GET|HEAD,admin/procurement/cash-purchases,procurement.cash-purchases.index,"App\Http\Controllers\Procurement\CashPurchaseController@index"
Procurement/Purchase,POST,admin/procurement/cash-purchases,procurement.cash-purchases.store,"App\Http\Controllers\Procurement\CashPurchaseController@store"
Procurement/Purchase,GET|HEAD,admin/procurement/cash-purchases/create,procurement.cash-purchases.create,"App\Http\Controllers\Procurement\CashPurchaseController@create"
Procurement/Purchase,POST,admin/procurement/cash-purchases/{cashPurchase}/approve,procurement.cash-purchases.approve,"App\Http\Controllers\Procurement\CashPurchaseController@approve"
Procurement/Purchase,POST,admin/procurement/cash-purchases/{cashPurchase}/reject,procurement.cash-purchases.reject,"App\Http\Controllers\Procurement\CashPurchaseController@reject"
Procurement/Purchase,POST,admin/procurement/cash-purchases/{cashPurchase}/submit,procurement.cash-purchases.submit,"App\Http\Controllers\Procurement\CashPurchaseController@submit"
Procurement/Purchase,GET|HEAD,admin/procurement/delivery-notes,procurement.delivery-notes.index,"App\Http\Controllers\Procurement\DeliveryNoteController@index"
Procurement/Purchase,POST,admin/procurement/delivery-notes,procurement.delivery-notes.store,"App\Http\Controllers\Procurement\DeliveryNoteController@store"
Procurement/Purchase,GET|HEAD,admin/procurement/delivery-notes/create,procurement.delivery-notes.create,"App\Http\Controllers\Procurement\DeliveryNoteController@create"
Procurement/Purchase,GET|HEAD,admin/procurement/delivery-notes/{inventoryDocument}/print,procurement.delivery-notes.print,"App\Http\Controllers\Procurement\DeliveryNoteController@print"
Procurement/Purchase,GET|HEAD,admin/procurement/goods-receipts,procurement.goods-receipts.index,"App\Http\Controllers\Procurement\GoodsReceiptController@index"
Procurement/Purchase,POST,admin/procurement/goods-receipts,procurement.goods-receipts.store,"App\Http\Controllers\Procurement\GoodsReceiptController@store"
Procurement/Purchase,GET|HEAD,admin/procurement/goods-receipts/create,procurement.goods-receipts.create,"App\Http\Controllers\Procurement\GoodsReceiptController@create"
Procurement/Purchase,POST,admin/procurement/goods-receipts/{goodsReceipt}/accept,procurement.goods-receipts.accept,"App\Http\Controllers\Procurement\GoodsReceiptController@accept"
Procurement/Purchase,GET|HEAD,admin/procurement/goods-receipts/{goodsReceipt}/pdf,procurement.goods-receipts.pdf,"App\Http\Controllers\Procurement\GoodsReceiptController@pdf"
Procurement/Purchase,GET|HEAD,admin/procurement/goods-receipts/{goodsReceipt}/print,procurement.goods-receipts.print,"App\Http\Controllers\Procurement\GoodsReceiptController@print"
Procurement/Purchase,GET|HEAD,admin/procurement/goods-receipts/{goodsReceipt}/view,procurement.goods-receipts.view,"App\Http\Controllers\Procurement\GoodsReceiptController@view"
Procurement/Purchase,GET|HEAD,admin/procurement/insights/discrepancies,procurement.insights.discrepancies,"App\Http\Controllers\Procurement\ProcurementInsightsController@discrepancies"
Procurement/Purchase,GET|HEAD,admin/procurement/payment-run,procurement.payment-run.index,"App\Http\Controllers\Procurement\ProcurementInsightsController@paymentRun"
Procurement/Purchase,POST,admin/procurement/payment-run,procurement.payment-run.execute,"App\Http\Controllers\Procurement\ProcurementInsightsController@executePaymentRun"
Procurement/Purchase,GET|HEAD,admin/procurement/policy,procurement.policy.show,"App\Http\Controllers\Procurement\ProcurementPolicyController@show"
Procurement/Purchase,POST,admin/procurement/policy,procurement.policy.update,"App\Http\Controllers\Procurement\ProcurementPolicyController@update"
Procurement/Purchase,GET|HEAD,admin/procurement/purchase-orders,procurement.purchase-orders.index,"App\Http\Controllers\Procurement\PurchaseOrderController@index"
Procurement/Purchase,POST,admin/procurement/purchase-orders,procurement.purchase-orders.store,"App\Http\Controllers\Procurement\PurchaseOrderController@store"
Procurement/Purchase,GET|HEAD,admin/procurement/purchase-orders/create,procurement.purchase-orders.create,"App\Http\Controllers\Procurement\PurchaseOrderController@create"
Procurement/Purchase,POST,admin/procurement/purchase-orders/{purchaseOrder}/amend,procurement.purchase-orders.amend,"App\Http\Controllers\Procurement\PurchaseOrderController@amend"
Procurement/Purchase,POST,admin/procurement/purchase-orders/{purchaseOrder}/approve,procurement.purchase-orders.approve,"App\Http\Controllers\Procurement\PurchaseOrderController@approve"
Procurement/Purchase,GET|HEAD,admin/procurement/purchase-orders/{purchaseOrder}/pdf,procurement.purchase-orders.pdf,"App\Http\Controllers\Procurement\PurchaseOrderController@pdf"
Procurement/Purchase,GET|HEAD,admin/procurement/purchase-orders/{purchaseOrder}/print,procurement.purchase-orders.print,"App\Http\Controllers\Procurement\PurchaseOrderController@print"
Procurement/Purchase,POST,admin/procurement/purchase-orders/{purchaseOrder}/reject,procurement.purchase-orders.reject,"App\Http\Controllers\Procurement\PurchaseOrderController@reject"
Procurement/Purchase,GET|HEAD,admin/procurement/purchase-orders/{purchaseOrder}/revisions,procurement.purchase-orders.revisions,"App\Http\Controllers\Procurement\PurchaseOrderController@revisions"
Procurement/Purchase,POST,admin/procurement/purchase-orders/{purchaseOrder}/submit,procurement.purchase-orders.submit,"App\Http\Controllers\Procurement\PurchaseOrderController@submit"
Procurement/Purchase,GET|HEAD,admin/procurement/purchase-orders/{purchaseOrder}/view,procurement.purchase-orders.view,"App\Http\Controllers\Procurement\PurchaseOrderController@view"
Procurement/Purchase,GET|HEAD,admin/procurement/purchase-requisitions,procurement.purchase-requisitions.index,"App\Http\Controllers\Procurement\PurchaseRequisitionController@index"
Procurement/Purchase,POST,admin/procurement/purchase-requisitions,procurement.purchase-requisitions.store,"App\Http\Controllers\Procurement\PurchaseRequisitionController@store"
Procurement/Purchase,GET|HEAD,admin/procurement/purchase-requisitions/create,procurement.purchase-requisitions.create,"App\Http\Controllers\Procurement\PurchaseRequisitionController@create"
Procurement/Purchase,POST,admin/procurement/purchase-requisitions/{purchaseRequisition}/approve,procurement.purchase-requisitions.approve,"App\Http\Controllers\Procurement\PurchaseRequisitionController@approve"
Procurement/Purchase,POST,admin/procurement/purchase-requisitions/{purchaseRequisition}/convert-to-po,procurement.purchase-requisitions.convert-to-po,"App\Http\Controllers\Procurement\PurchaseRequisitionController@convertToPo"
Procurement/Purchase,POST,admin/procurement/purchase-requisitions/{purchaseRequisition}/reject,procurement.purchase-requisitions.reject,"App\Http\Controllers\Procurement\PurchaseRequisitionController@reject"
Procurement/Purchase,POST,admin/procurement/purchase-requisitions/{purchaseRequisition}/submit,procurement.purchase-requisitions.submit,"App\Http\Controllers\Procurement\PurchaseRequisitionController@submit"
Procurement/Purchase,GET|HEAD,admin/procurement/purchase-returns,procurement.purchase-returns.index,"App\Http\Controllers\Procurement\PurchaseReturnController@index"
Procurement/Purchase,POST,admin/procurement/purchase-returns,procurement.purchase-returns.store,"App\Http\Controllers\Procurement\PurchaseReturnController@store"
Procurement/Purchase,GET|HEAD,admin/procurement/purchase-returns/create,procurement.purchase-returns.create,"App\Http\Controllers\Procurement\PurchaseReturnController@create"
Procurement/Purchase,GET|HEAD,admin/procurement/purchase-returns/source/grn/{goodsReceipt},procurement.purchase-returns.source.grn,"App\Http\Controllers\Procurement\PurchaseReturnController@sourceFromGrn"
Procurement/Purchase,POST,admin/procurement/purchase-returns/{purchaseReturn}/approve,procurement.purchase-returns.approve,"App\Http\Controllers\Procurement\PurchaseReturnController@approve"
Procurement/Purchase,POST,admin/procurement/purchase-returns/{purchaseReturn}/reject,procurement.purchase-returns.reject,"App\Http\Controllers\Procurement\PurchaseReturnController@reject"
Procurement/Purchase,POST,admin/procurement/purchase-returns/{purchaseReturn}/submit,procurement.purchase-returns.submit,"App\Http\Controllers\Procurement\PurchaseReturnController@submit"
Procurement/Purchase,GET|HEAD,admin/procurement/supplier-advances,procurement.supplier-advances.index,"App\Http\Controllers\Procurement\SupplierAdvanceController@index"
Procurement/Purchase,POST,admin/procurement/supplier-advances,procurement.supplier-advances.store,"App\Http\Controllers\Procurement\SupplierAdvanceController@store"
Procurement/Purchase,POST,admin/procurement/supplier-advances/{supplierAdvance}/apply,procurement.supplier-advances.apply,"App\Http\Controllers\Procurement\SupplierAdvanceController@apply"
Procurement/Purchase,POST,admin/procurement/supplier-advances/{supplierAdvance}/approve,procurement.supplier-advances.approve,"App\Http\Controllers\Procurement\SupplierAdvanceController@approve"
Procurement/Purchase,POST,admin/procurement/supplier-advances/{supplierAdvance}/reject,procurement.supplier-advances.reject,"App\Http\Controllers\Procurement\SupplierAdvanceController@reject"
Procurement/Purchase,POST,admin/procurement/supplier-advances/{supplierAdvance}/submit,procurement.supplier-advances.submit,"App\Http\Controllers\Procurement\SupplierAdvanceController@submit"
Procurement/Purchase,GET|HEAD,admin/procurement/vendor-bills,procurement.vendor-bills.index,"App\Http\Controllers\Procurement\VendorBillController@index"
Procurement/Purchase,POST,admin/procurement/vendor-bills,procurement.vendor-bills.store,"App\Http\Controllers\Procurement\VendorBillController@store"
Procurement/Purchase,GET|HEAD,admin/procurement/vendor-bills/create,procurement.vendor-bills.create,"App\Http\Controllers\Procurement\VendorBillController@create"
Procurement/Purchase,PUT,admin/procurement/vendor-bills/{vendorBill},procurement.vendor-bills.update,"App\Http\Controllers\Procurement\VendorBillController@update"
Procurement/Purchase,POST,admin/procurement/vendor-bills/{vendorBill}/approve,procurement.vendor-bills.approve,"App\Http\Controllers\Procurement\VendorBillController@approve"
Procurement/Purchase,GET|HEAD,admin/procurement/vendor-bills/{vendorBill}/edit,procurement.vendor-bills.edit,"App\Http\Controllers\Procurement\VendorBillController@edit"
Procurement/Purchase,POST,admin/procurement/vendor-bills/{vendorBill}/reject,procurement.vendor-bills.reject,"App\Http\Controllers\Procurement\VendorBillController@reject"
Procurement/Purchase,POST,admin/procurement/vendor-bills/{vendorBill}/submit,procurement.vendor-bills.submit,"App\Http\Controllers\Procurement\VendorBillController@submit"
Procurement/Purchase,GET|HEAD,admin/procurement/vendor-payments,procurement.vendor-payments.index,"App\Http\Controllers\Procurement\VendorPaymentController@index"
Procurement/Purchase,POST,admin/procurement/vendor-payments,procurement.vendor-payments.store,"App\Http\Controllers\Procurement\VendorPaymentController@store"
Procurement/Purchase,GET|HEAD,admin/procurement/vendor-payments/create,procurement.vendor-payments.create,"App\Http\Controllers\Procurement\VendorPaymentController@create"
Procurement/Purchase,PUT,admin/procurement/vendor-payments/{vendorPayment},procurement.vendor-payments.update,"App\Http\Controllers\Procurement\VendorPaymentController@update"
Procurement/Purchase,POST,admin/procurement/vendor-payments/{vendorPayment}/approve,procurement.vendor-payments.approve,"App\Http\Controllers\Procurement\VendorPaymentController@approve"
Procurement/Purchase,GET|HEAD,admin/procurement/vendor-payments/{vendorPayment}/edit,procurement.vendor-payments.edit,"App\Http\Controllers\Procurement\VendorPaymentController@edit"
Procurement/Purchase,POST,admin/procurement/vendor-payments/{vendorPayment}/reject,procurement.vendor-payments.reject,"App\Http\Controllers\Procurement\VendorPaymentController@reject"
Procurement/Purchase,POST,admin/procurement/vendor-payments/{vendorPayment}/submit,procurement.vendor-payments.submit,"App\Http\Controllers\Procurement\VendorPaymentController@submit"
Procurement/Purchase,GET|HEAD,admin/procurement/vendors,procurement.vendors.index,"App\Http\Controllers\Procurement\VendorController@index"
Procurement/Purchase,POST,admin/procurement/vendors,procurement.vendors.store,"App\Http\Controllers\Procurement\VendorController@store"
Procurement/Purchase,GET|HEAD,admin/procurement/vendors/{vendor},procurement.vendors.show,"App\Http\Controllers\Procurement\VendorController@show"
Procurement/Purchase,PUT,admin/procurement/vendors/{vendor},procurement.vendors.update,"App\Http\Controllers\Procurement\VendorController@update"
Procurement/Purchase,DELETE,admin/procurement/vendors/{vendor},procurement.vendors.destroy,"App\Http\Controllers\Procurement\VendorController@destroy"
Operations,GET|HEAD,admin/reports/pos/all,admin.reports.pos.all,"App\Http\Controllers\AdminPosReportController@index"
Operations,GET|HEAD,admin/reports/pos/closing-sales,admin.reports.pos.closing-sales,"App\Http\Controllers\AdminPosReportController@closingSales"
Operations,GET|HEAD,admin/reports/pos/daily-dump-items-report,admin.reports.pos.daily-dump-items-report,"App\Http\Controllers\AdminPosReportController@dailyDumpItemsReport"
Operations,GET|HEAD,admin/reports/pos/daily-dump-items-report/print,admin.reports.pos.daily-dump-items-report.print,"App\Http\Controllers\AdminPosReportController@dailyDumpItemsReportPrint"
Operations,GET|HEAD,admin/reports/pos/daily-sales-list-cashier-wise,admin.reports.pos.daily-sales-list-cashier-wise,"App\Http\Controllers\AdminPosReportController@dailySalesListCashierWise"
Operations,GET|HEAD,admin/reports/pos/daily-sales-list-cashier-wise/print,admin.reports.pos.daily-sales-list-cashier-wise.print,"App\Http\Controllers\AdminPosReportController@dailySalesListCashierWisePrint"
Operations,GET|HEAD,admin/reports/pos/dish-breakdown-price,admin.reports.pos.dish-breakdown-price,"App\Http\Controllers\AdminPosReportController@dishBreakdownPrice"
Operations,GET|HEAD,admin/reports/pos/dish-breakdown-quantity,admin.reports.pos.dish-breakdown-quantity,"App\Http\Controllers\AdminPosReportController@dishBreakdownQuantity"
Operations,GET|HEAD,admin/reports/pos/graphical,admin.reports.pos.graphical,"App\Http\Controllers\AdminPosReportController@graphical"
Operations,GET|HEAD,admin/reports/pos/monthly-employee-food-bills,admin.reports.pos.monthly-employee-food-bills,"App\Http\Controllers\AdminPosReportController@monthlyEmployeeFoodBills"
Operations,GET|HEAD,admin/reports/pos/restaurant-wise,admin.reports.pos.restaurant-wise,"App\Http\Controllers\AdminPosReportController@restaurantWise"
Operations,GET|HEAD,admin/reports/pos/restaurant-wise/print,admin.reports.pos.restaurant-wise.print,"App\Http\Controllers\AdminPosReportController@restaurantWisePrint"
Operations,GET|HEAD,admin/reports/pos/running-sales-orders,admin.reports.pos.running-sales-orders,"App\Http\Controllers\AdminPosReportController@runningSalesOrders"
Operations,GET|HEAD,admin/reports/pos/running-sales-orders/print,admin.reports.pos.running-sales-orders.print,"App\Http\Controllers\AdminPosReportController@runningSalesOrdersPrint"
Operations,GET|HEAD,admin/reports/pos/sales-summary-with-items,admin.reports.pos.sales-summary-with-items,"App\Http\Controllers\AdminPosReportController@salesSummaryWithItems"
Operations,GET|HEAD,admin/reports/pos/sales-summary-with-items/print,admin.reports.pos.sales-summary-with-items.print,"App\Http\Controllers\AdminPosReportController@salesSummaryWithItemsPrint"
Operations,GET|HEAD,admin/reports/pos/single/{tenantId},admin.reports.pos.single,"App\Http\Controllers\AdminPosReportController@singleRestaurant"
Operations,GET|HEAD,admin/reports/pos/single/{tenantId}/print,admin.reports.pos.single.print,"App\Http\Controllers\AdminPosReportController@printSingle"
Operations,POST,api/attendances/all/report,api.attendances.all.report,"App\Http\Controllers\AttendanceController@allEmployeesReport"
Operations,GET|HEAD,api/attendances/leaves/reports/monthly,api.attendances.leaves.reports.monthly,"App\Http\Controllers\LeaveApplicationController@leaveReportMonthly"
Operations,GET|HEAD,api/attendances/leaves/reports/monthly/export,api.attendances.leaves.reports.monthly.export,"App\Http\Controllers\LeaveApplicationController@exportMonthlyReport"
Operations,GET|HEAD,api/attendances/profile/report/{employeeId},api.attendances.profile.report,"App\Http\Controllers\AttendanceController@profileReport"
Operations,GET|HEAD,api/attendances/reports,api.attendances.reports,"App\Http\Controllers\AttendanceController@attendanceReport"
Operations,GET|HEAD,api/attendances/reports/export,api.attendances.reports.export,"App\Http\Controllers\AttendanceController@exportAttendanceReport"
Operations,GET|HEAD,api/employees/leaves/reports,api.leave-reports,"App\Http\Controllers\LeaveApplicationController@leaveReport"
Operations,GET|HEAD,api/employees/leaves/reports/export,api.leave-reports.export,"App\Http\Controllers\LeaveApplicationController@exportLeaveReport"
Operations,GET|HEAD,api/payroll/reports/detailed/{periodId},api.payroll.reports.detailed,"App\Http\Controllers\PayrollApiController@getDetailedReport"
Operations,GET|HEAD,api/payroll/reports/employee/{employeeId},api.payroll.reports.employee,"App\Http\Controllers\PayrollApiController@getEmployeePayrollHistory"
Operations,GET|HEAD,api/payroll/reports/summary/{periodId},api.payroll.reports.summary,"App\Http\Controllers\PayrollApiController@getSummaryReport"
Operations,GET|HEAD,booking-management/events/reports,events.reports,"App\Http\Controllers\EventReportController@index"
Operations,GET|HEAD,booking-management/events/reports/addons,events.reports.addons,"App\Http\Controllers\EventReportController@addOns"
Operations,GET|HEAD,booking-management/events/reports/addons/export,events.reports.addons.export,"App\Http\Controllers\EventReportController@addOnsExport"
Operations,GET|HEAD,booking-management/events/reports/addons/print,events.reports.addons.print,"App\Http\Controllers\EventReportController@addOnsPrint"
Operations,GET|HEAD,booking-management/events/reports/booking,events.reports.booking,"App\Http\Controllers\EventReportController@booking"
Operations,GET|HEAD,booking-management/events/reports/booking/export,events.reports.booking.export,"App\Http\Controllers\EventReportController@bookingExport"
Operations,GET|HEAD,booking-management/events/reports/booking/print,events.reports.booking.print,"App\Http\Controllers\EventReportController@bookingPrint"
Operations,GET|HEAD,booking-management/events/reports/cancelled,events.reports.cancelled,"App\Http\Controllers\EventReportController@cancelled"
Operations,GET|HEAD,booking-management/events/reports/cancelled/export,events.reports.cancelled.export,"App\Http\Controllers\EventReportController@cancelledExport"
Operations,GET|HEAD,booking-management/events/reports/cancelled/print,events.reports.cancelled.print,"App\Http\Controllers\EventReportController@cancelledPrint"
Operations,GET|HEAD,booking-management/events/reports/complementary,events.reports.complementary,"App\Http\Controllers\EventReportController@complementary"
Operations,GET|HEAD,booking-management/events/reports/complementary/export,events.reports.complementary.export,"App\Http\Controllers\EventReportController@complementaryExport"
Operations,GET|HEAD,booking-management/events/reports/complementary/print,events.reports.complementary.print,"App\Http\Controllers\EventReportController@complementaryPrint"
Operations,GET|HEAD,booking-management/events/reports/completed,events.reports.completed,"App\Http\Controllers\EventReportController@completed"
Operations,GET|HEAD,booking-management/events/reports/completed/export,events.reports.completed.export,"App\Http\Controllers\EventReportController@completedExport"
Operations,GET|HEAD,booking-management/events/reports/completed/print,events.reports.completed.print,"App\Http\Controllers\EventReportController@completedPrint"
Operations,GET|HEAD,booking-management/events/reports/day-wise,events.reports.day-wise,"App\Http\Controllers\EventReportController@dayWise"
Operations,GET|HEAD,booking-management/events/reports/day-wise/export,events.reports.day-wise.export,"App\Http\Controllers\EventReportController@dayWiseExport"
Operations,GET|HEAD,booking-management/events/reports/day-wise/print,events.reports.day-wise.print,"App\Http\Controllers\EventReportController@dayWisePrint"
Operations,GET|HEAD,booking-management/events/reports/menu-wise,events.reports.menu-wise,"App\Http\Controllers\EventReportController@menuWise"
Operations,GET|HEAD,booking-management/events/reports/menu-wise/export,events.reports.menu-wise.export,"App\Http\Controllers\EventReportController@menuWiseExport"
Operations,GET|HEAD,booking-management/events/reports/menu-wise/print,events.reports.menu-wise.print,"App\Http\Controllers\EventReportController@menuWisePrint"
Operations,GET|HEAD,booking-management/events/reports/payment-history,events.reports.payment-history,"App\Http\Controllers\EventReportController@paymentHistory"
Operations,GET|HEAD,booking-management/events/reports/payment-history/export,events.reports.payment-history.export,"App\Http\Controllers\EventReportController@paymentHistoryExport"
Operations,GET|HEAD,booking-management/events/reports/payment-history/print,events.reports.payment-history.print,"App\Http\Controllers\EventReportController@paymentHistoryPrint"
Operations,GET|HEAD,booking-management/events/reports/venue-wise,events.reports.venue-wise,"App\Http\Controllers\EventReportController@venueWise"
Operations,GET|HEAD,booking-management/events/reports/venue-wise/export,events.reports.venue-wise.export,"App\Http\Controllers\EventReportController@venueWiseExport"
Operations,GET|HEAD,booking-management/events/reports/venue-wise/print,events.reports.venue-wise.print,"App\Http\Controllers\EventReportController@venueWisePrint"
Operations,GET|HEAD,booking-management/rooms/reports,rooms.reports,"App\Http\Controllers\RoomReportController@index"
Operations,GET|HEAD,booking-management/rooms/reports/booking,rooms.reports.booking,"App\Http\Controllers\RoomReportController@booking"
Operations,GET|HEAD,booking-management/rooms/reports/booking/export,rooms.reports.booking.export,"App\Http\Controllers\RoomReportController@bookingExport"
Operations,GET|HEAD,booking-management/rooms/reports/booking/print,rooms.reports.booking.print,"App\Http\Controllers\RoomReportController@bookingPrint"
Operations,GET|HEAD,booking-management/rooms/reports/cancelled,rooms.reports.cancelled,"App\Http\Controllers\RoomReportController@cancelled"
Operations,GET|HEAD,booking-management/rooms/reports/cancelled/export,rooms.reports.cancelled.export,"App\Http\Controllers\RoomReportController@cancelledExport"
Operations,GET|HEAD,booking-management/rooms/reports/cancelled/print,rooms.reports.cancelled.print,"App\Http\Controllers\RoomReportController@cancelledPrint"
Operations,GET|HEAD,booking-management/rooms/reports/check-in,rooms.reports.check-in,"App\Http\Controllers\RoomReportController@checkIn"
Operations,GET|HEAD,booking-management/rooms/reports/check-in/export,rooms.reports.check-in.export,"App\Http\Controllers\RoomReportController@checkInExport"
Operations,GET|HEAD,booking-management/rooms/reports/check-in/print,rooms.reports.check-in.print,"App\Http\Controllers\RoomReportController@checkInPrint"
Operations,GET|HEAD,booking-management/rooms/reports/check-out,rooms.reports.check-out,"App\Http\Controllers\RoomReportController@checkOut"
Operations,GET|HEAD,booking-management/rooms/reports/check-out/export,rooms.reports.check-out.export,"App\Http\Controllers\RoomReportController@checkOutExport"
Operations,GET|HEAD,booking-management/rooms/reports/check-out/print,rooms.reports.check-out.print,"App\Http\Controllers\RoomReportController@checkOutPrint"
Operations,GET|HEAD,booking-management/rooms/reports/complementary,rooms.reports.complementary,"App\Http\Controllers\RoomReportController@complementary"
Operations,GET|HEAD,booking-management/rooms/reports/complementary/export,rooms.reports.complementary.export,"App\Http\Controllers\RoomReportController@complementaryExport"
Operations,GET|HEAD,booking-management/rooms/reports/complementary/print,rooms.reports.complementary.print,"App\Http\Controllers\RoomReportController@complementaryPrint"
Operations,GET|HEAD,booking-management/rooms/reports/day-wise,rooms.reports.day-wise,"App\Http\Controllers\RoomReportController@dayWise"
Operations,GET|HEAD,booking-management/rooms/reports/day-wise/export,rooms.reports.day-wise.export,"App\Http\Controllers\RoomReportController@dayWiseExport"
Operations,GET|HEAD,booking-management/rooms/reports/day-wise/print,rooms.reports.day-wise.print,"App\Http\Controllers\RoomReportController@dayWisePrint"
Operations,GET|HEAD,booking-management/rooms/reports/member-wise,rooms.reports.member-wise,"App\Http\Controllers\RoomReportController@memberWise"
Operations,GET|HEAD,booking-management/rooms/reports/member-wise/export,rooms.reports.member-wise.export,"App\Http\Controllers\RoomReportController@memberWiseExport"
Operations,GET|HEAD,booking-management/rooms/reports/member-wise/print,rooms.reports.member-wise.print,"App\Http\Controllers\RoomReportController@memberWisePrint"
Operations,GET|HEAD,booking-management/rooms/reports/mini-bar,rooms.reports.mini-bar,"App\Http\Controllers\RoomReportController@miniBar"
Operations,GET|HEAD,booking-management/rooms/reports/mini-bar/export,rooms.reports.mini-bar.export,"App\Http\Controllers\RoomReportController@miniBarExport"
Operations,GET|HEAD,booking-management/rooms/reports/mini-bar/print,rooms.reports.mini-bar.print,"App\Http\Controllers\RoomReportController@miniBarPrint"
Operations,GET|HEAD,booking-management/rooms/reports/payment-history,rooms.reports.payment-history,"App\Http\Controllers\RoomReportController@paymentHistory"
Operations,GET|HEAD,booking-management/rooms/reports/payment-history/export,rooms.reports.payment-history.export,"App\Http\Controllers\RoomReportController@paymentHistoryExport"
Operations,GET|HEAD,booking-management/rooms/reports/payment-history/print,rooms.reports.payment-history.print,"App\Http\Controllers\RoomReportController@paymentHistoryPrint"
Operations,GET|HEAD,booking-management/rooms/reports/receivables,rooms.reports.receivables,"App\Http\Controllers\RoomReportController@receivables"
Operations,GET|HEAD,employee/monthly/attendance/report,employee.monthlyreport,Closure
